{
  "0": 0.5006462327184175,
  "1": 387.35754044181596
}